{
 "CAMERAS": {
  "camera00": {
   "type": "PerspectiveCamera",
   "fieldOfView": 45,
   "near": 0.1,
   "far": 2000,
   "position": {
    "x": [
     0
    ],
    "y": [
     0
    ],
    "z": [
     10
    ]
   },
   "targetInches": {
    "x": [
     0
    ],
    "y": [
     0
    ],
    "z": [
     0
    ]
   },
   "visible": [
    1
   ]
  }
 },
 "LIGHTS": {
  "light00": {
   "type": "DirectionalLight",
   "color": "0xffffff",
   "intensity": [
    5
   ],
   "position": {
    "x": [
     0
    ],
    "y": [
     1,
     1,
     1,
     1,
     1,
     1,
     1,
     1,
     1,
     1,
     1,
     1,
     1,
     1,
     1,
     1,
     1,
     1,
     1,
     1,
     1,
     1,
     1,
     1,
     1,
     1,
     1,
     1,
     1,
     1,
     1,
     1,
     1,
     1,
     1,
     1,
     1,
     1,
     1,
     1,
     1,
     1,
     1,
     1,
     1,
     1,
     1,
     1,
     1,
     1,
     -1,
     -1,
     -1,
     -1,
     -1,
     -1,
     -1,
     -1,
     -1,
     -1,
     -1,
     -1,
     -1,
     -1,
     -1,
     -1,
     -1,
     -1,
     -1,
     -1,
     -1,
     -1,
     -1,
     -1,
     -1,
     -1,
     -1,
     -1,
     -1,
     -1,
     -1,
     -1,
     -1,
     -1,
     -1,
     -1,
     -1,
     -1,
     -1,
     -1,
     -1,
     -1,
     -1,
     -1,
     -1,
     -1,
     -1,
     -1,
     -1,
     -1,
     1,
     1,
     1,
     1,
     1,
     1,
     1,
     1,
     1,
     1,
     1,
     1,
     1,
     1,
     1,
     1,
     1,
     1,
     1,
     1,
     1,
     1,
     1,
     1,
     1,
     1,
     1,
     1,
     1,
     1,
     1,
     1,
     1,
     1,
     1,
     1,
     1,
     1,
     1,
     1,
     1,
     1,
     1,
     1,
     1,
     1,
     1,
     1,
     1,
     1,
     1
    ],
    "z": [
     1
    ]
   },
   "visible": [
    1
   ]
  }
 },
 "OBJECTS": {
  "camel": {
   "meshpath": "mkturkfiles/scenebags/objectome3d/camel/camel_gray.glb",
   "objectdoc": "",
   "sizeInches": [
    0.96357448,
    0.95064504,
    1.04122462,
    0.51886166,
    0.58976063,
    0.50708345,
    0.74702139,
    0.78124785,
    0.88926252,
    0.77028144,
    0.98580012,
    0.62766756,
    0.77403703,
    0.96211109,
    0.65855681,
    0.60194926,
    0.68033203,
    0.84155424,
    0.60855095,
    0.85681095,
    0.76967312,
    0.8905942,
    0.71762319,
    0.72874527,
    1.01639954,
    0.99976203,
    0.50629454,
    0.7775546,
    1.01785173,
    0.8217132,
    0.92522408,
    1.03105734,
    0.65099238,
    1.0028712,
    0.53958691,
    1.00276135,
    0.95370861,
    0.94175537,
    0.65498976,
    0.67299949,
    0.67701918,
    0.50841213,
    0.50982793,
    0.82001101,
    0.56069558,
    0.71395808,
    0.80405841,
    0.50524483,
    0.79108707,
    0.77815619,
    0.7902717,
    0.7890277,
    0.86783037,
    0.9303994,
    0.8583013,
    0.72249969,
    0.78665433,
    0.54754352,
    0.61643098,
    0.91587322,
    0.5536229,
    0.86927777,
    0.52478164,
    1.01525328,
    0.6365687,
    0.90393387,
    0.85280022,
    0.57330511,
    0.70067938,
    0.69799635,
    0.97415165,
    0.53120673,
    0.81319085,
    0.58282084,
    0.96473228,
    0.91097414,
    0.75122058,
    0.83909572,
    0.73495659,
    0.81416984,
    0.6182386,
    1.00686802,
    0.60723577,
    0.74640858,
    0.97818547,
    0.85688264,
    0.50412977,
    0.91721704,
    0.70458504,
    0.89949257,
    0.79362169,
    0.75814635,
    0.60837189,
    0.84908416,
    0.82027171,
    0.59005743,
    0.59931904,
    0.95852158,
    0.65097878,
    0.52194012,
    0.63918696,
    1.01578428,
    0.83080144,
    0.85630863,
    1.02268029,
    0.85164441,
    0.97261823,
    0.61136918,
    0.88190194,
    0.51430159,
    0.60081378,
    0.58966768,
    1.00967836,
    0.91789734,
    0.51681168,
    0.6645935,
    0.88109026,
    0.89280569,
    0.85077117,
    0.58954984,
    0.96735456,
    0.68138518,
    0.65901577,
    0.95720848,
    0.81069868,
    0.90864684,
    0.73852333,
    0.92696759,
    0.80780045,
    0.75455934,
    0.6873269,
    0.90670582,
    0.8051779,
    0.9086369,
    0.7977029,
    0.54110842,
    0.6245525,
    1.01469159,
    1.01513325,
    0.73125936,
    0.75517369,
    0.60053177,
    0.6196738,
    0.93356892,
    0.59949696,
    0.9218548,
    0.75595906,
    0.73518415,
    0.83438002,
    0.55045778,
    1.04355555
   ],
   "positionInches": {
    "x": [
     0
    ],
    "y": [
     0
    ],
    "z": [
     0
    ]
   },