{
 "CAMERAS": {
  "camera00": {
   "type": "PerspectiveCamera",
   "fieldOfView": 45,
   "near": 0.1,
   "far": 2000,
   "position": {
    "x": [
     0
    ],
    "y": [
     0
    ],
    "z": [
     10
    ]
   },
   "targetInches": {
    "x": [
     0
    ],
    "y": [
     0
    ],
    "z": [
     0
    ]
   },
   "visible": [
    1
   ]
  }
 },
 "LIGHTS": {
  "light00": {
   "type": "DirectionalLight",
   "color": "0xffffff",
   "intensity": [
    5
   ],
   "position": {
    "x": [
     0
    ],
    "y": [
     1,
     1,
     1,
     1,
     1,
     1,
     1,
     1,
     1,
     1,
     1,
     1,
     1,
     1,
     1,
     1,
     1,
     1,
     1,
     1,
     1,
     1,
     1,
     1,
     1,
     1,
     1,
     1,
     1,
     1,
     1,
     1,
     1,
     1,
     1,
     1,
     1,
     1,
     1,
     1,
     1,
     1,
     1,
     1,
     1,
     1,
     1,
     1,
     1,
     1,
     -1,
     -1,
     -1,
     -1,
     -1,
     -1,
     -1,
     -1,
     -1,
     -1,
     -1,
     -1,
     -1,
     -1,
     -1,
     -1,
     -1,
     -1,
     -1,
     -1,
     -1,
     -1,
     -1,
     -1,
     -1,
     -1,
     -1,
     -1,
     -1,
     -1,
     -1,
     -1,
     -1,
     -1,
     -1,
     -1,
     -1,
     -1,
     -1,
     -1,
     -1,
     -1,
     -1,
     -1,
     -1,
     -1,
     -1,
     -1,
     -1,
     -1,
     1,
     1,
     1,
     1,
     1,
     1,
     1,
     1,
     1,
     1,
     1,
     1,
     1,
     1,
     1,
     1,
     1,
     1,
     1,
     1,
     1,
     1,
     1,
     1,
     1,
     1,
     1,
     1,
     1,
     1,
     1,
     1,
     1,
     1,
     1,
     1,
     1,
     1,
     1,
     1,
     1,
     1,
     1,
     1,
     1,
     1,
     1,
     1,
     1,
     1,
     1
    ],
    "z": [
     1
    ]
   },
   "visible": [
    1
   ]
  }
 },
 "OBJECTS": {
  "elephant": {
   "meshpath": "mkturkfiles/scenebags/objectome3d/elephant/elephant_gray.glb",
   "objectdoc": "",
   "sizeInches": [
    0.90621127,
    0.74720282,
    0.81813489,
    0.5312794,
    0.95581614,
    0.72651817,
    0.63564202,
    0.83334312,
    0.62744752,
    1.03524894,
    0.82150261,
    0.83897013,
    0.73978696,
    0.78142855,
    0.76676842,
    0.92151156,
    0.65102053,
    0.73143979,
    0.70867986,
    0.51423396,
    0.66040669,
    0.85299032,
    0.73183036,
    0.84287166,
    0.85591986,
    0.99379461,
    0.9604766,
    1.01637069,
    0.81400527,
    0.92148338,
    0.68550711,
    0.96758236,
    0.79405981,
    1.03432943,
    0.72009673,
    0.53381605,
    1.01477649,
    0.76272941,
    0.71062772,
    0.81973387,
    0.66102823,
    0.82593429,
    0.72880808,
    0.60751435,
    0.73909638,
    0.89673043,
    1.02052985,
    0.99363891,
    0.59395739,
    0.73449298,
    0.73530584,
    0.81337836,
    0.83589841,
    0.95962321,
    0.72061208,
    0.96746879,
    0.50897938,
    0.9657725,
    0.87941119,
    0.70875628,
    1.03681695,
    0.87111227,
    0.52415454,
    0.66017301,
    0.59545111,
    1.01653974,
    0.55571523,
    0.81655674,
    0.65398897,
    0.6942047,
    0.74100768,
    0.53403521,
    0.88241902,
    0.77935369,
    1.00917444,
    0.82499574,
    0.99235403,
    0.77673854,
    0.87038059,
    0.92506816,
    0.77605513,
    0.6775016,
    0.55708934,
    0.97123331,
    0.77818308,
    0.65286079,
    0.64818197,
    0.9650247,
    0.57092494,
    0.57765237,
    1.00141235,
    0.77726499,
    0.67277086,
    0.80428874,
    0.58504717,
    1.00578077,
    0.51532526,
    0.68228853,
    0.94582119,
    0.61852593,
    0.65325156,
    0.73581417,
    0.68875282,
    0.52073752,
    0.79993761,
    0.51990868,
    0.86754837,
    0.74439934,
    0.64463553,
    0.89093964,
    0.95450042,
    0.71384105,
    1.00318783,
    0.50474919,
    0.75570593,
    0.55264191,
    0.81652955,
    0.74382471,
    1.02919455,
    0.94635061,
    1.02953983,
    0.84185098,
    0.66557494,
    0.76057929,
    0.9625512,
    0.86259725,
    0.70438813,
    0.60391197,
    0.90762834,
    0.69589532,
    0.71092999,
    0.93422527,
    0.52790201,
    0.968756,
    0.83442234,
    0.88698899,
    0.75513435,
    0.59266547,
    0.51641112,
    0.62410143,
    0.64558943,
    0.52285829,
    0.62969399,
    0.9605205,
    0.67300862,
    0.58290027,
    0.7418845,
    0.81671186,
    0.90134844,
    0.84858486,
    1.04355555
   ],
   "positionInches": {
    "x": [
     0
    ],
    "y": [
     0
    ],
    "z": [
     0
    ]
   },